{
  "precision": 0.0028922631959508315,
  "recall": 0.4444444444444444,
  "f1": 0.005747126436781609,
  "accuracy": 0.1761904761904762,
  "auc": 0.1996808298424097,
  "auprc": 0.003496521874795242,
  "tp": 4,
  "tn": 292,
  "fp": 1379,
  "fn": 5
}