{
  "precision": 0.0,
  "recall": 0.0,
  "f1": 0.0,
  "accuracy": 0.9446428571428571,
  "auc": 0.2488197353547443,
  "auprc": 0.0036686830556666447,
  "tp": 0,
  "tn": 1587,
  "fp": 84,
  "fn": 9
}