{
  "precision": 0.07407407407407407,
  "recall": 1.0,
  "f1": 0.13793103448275862,
  "accuracy": 0.9565217391304348,
  "auc": 0.9773123909249564,
  "auprc": 0.12681159420289856,
  "tp": 2,
  "tn": 548,
  "fp": 25,
  "fn": 0
}