{
  "precision": 0.07407407407407407,
  "recall": 0.3333333333333333,
  "f1": 0.12121212121212122,
  "accuracy": 0.9495652173913044,
  "auc": 0.6007615700058583,
  "auprc": 0.052384731512249795,
  "tp": 2,
  "tn": 544,
  "fp": 25,
  "fn": 4
}