{
  "precision": 0.0,
  "recall": 0.0,
  "f1": 0.0,
  "accuracy": 0.9410714285714286,
  "auc": 0.18704701110446173,
  "auprc": 0.003410914003676813,
  "tp": 0,
  "tn": 1581,
  "fp": 90,
  "fn": 9
}