{
  "precision": 0.0,
  "recall": 0.0,
  "f1": 0.0,
  "accuracy": 0.8857142857142857,
  "auc": 0.18704701110446173,
  "auprc": 0.003410914003676813,
  "tp": 0,
  "tn": 1488,
  "fp": 183,
  "fn": 9
}