{
  "default_quantile": "0.97",
  "0.95": {
    "precision": 0.0,
    "recall": 0.0,
    "f1": 0.0,
    "accuracy": 0.8857142857142857,
    "auc": 0.18704701110446173,
    "auprc": 0.003410914003676813,
    "tp": 0,
    "tn": 1488,
    "fp": 183,
    "fn": 9
  },
  "0.97": {
    "precision": 0.0,
    "recall": 0.0,
    "f1": 0.0,
    "accuracy": 0.9333333333333333,
    "auc": 0.18704701110446173,
    "auprc": 0.003410914003676813,
    "tp": 0,
    "tn": 1568,
    "fp": 103,
    "fn": 9
  },
  "0.98": {
    "precision": 0.0,
    "recall": 0.0,
    "f1": 0.0,
    "accuracy": 0.9410714285714286,
    "auc": 0.18704701110446173,
    "auprc": 0.003410914003676813,
    "tp": 0,
    "tn": 1581,
    "fp": 90,
    "fn": 9
  },
  "0.99": {
    "precision": 0.0,
    "recall": 0.0,
    "f1": 0.0,
    "accuracy": 0.9410714285714286,
    "auc": 0.18704701110446173,
    "auprc": 0.003410914003676813,
    "tp": 0,
    "tn": 1581,
    "fp": 90,
    "fn": 9
  }
}