{
  "precision": 0.006578947368421052,
  "recall": 0.1111111111111111,
  "f1": 0.012422360248447204,
  "accuracy": 0.9526785714285714,
  "auc": 0.8465134785636128,
  "auprc": 0.010393469275015294,
  "tp": 1,
  "tn": 3200,
  "fp": 151,
  "fn": 8
}